<?xml version="1.0" encoding="UTF-8" standalone="yes"?>
<configuration xmlns="http://www.jooq.org/xsd/jooq-codegen-3.12.0.xsd">
    <jdbc>
        <driver>com.mysql.cj.jdbc.Driver</driver>
        <url>jdbc:mysql://localhost/biblio</url>
        <user>root</user>
        <password></password>
    </jdbc>
    <generator>
        <name>org.jooq.codegen.JavaGenerator</name>
        <database>
            <name>org.jooq.meta.mysql.MySQLDatabase</name>
            <inputSchema>biblio</inputSchema>
            <includes>.*</includes>
            <excludes></excludes>
        </database>
        <generate></generate>
        <target>
            <packageName>Models.generated</packageName>
            <directory>/home/yasser/Desktop/biblio/src</directory>
        </target>
    </generator>
</configuration>